<?xml version="1.0" encoding="UTF-8" standalone="yes"?>
<manifest>
  <control namespace="pcfarea2025" constructor="pdfmulti" version="0.0.1" display-name-key="pdfmulti" description-key="HTML to PDF Converter" control-type="standard" api-version="1.3.16">
    <external-service-usage enabled="false"/>
    <property name="htmlInput" display-name-key="HTML Input" description-key="HTML content to be converted to PDF" of-type="Multiple" usage="bound" required="true"/>
    <resources>
      <code path="bundle.js" order="1"/>
      <css path="css/pdfmulti.css" order="1"/>
    </resources>
    <feature-usage/>
    <built-by name="pac" version="1.42.1"/>
  </control>
</manifest>